"","Period","Ndays","Flux","Std.Err","SEP","L95","U95"
"1","WY 2018",365,17339.5122903758,9006.33004788861,11319.9661917331,4516.10292398681,46679.7561369101
