"","Period","Ndays","Flux","Std.Err","SEP","L95","U95"
"1","WY 2018",365,0.0170535351139478,0.00740443831267663,0.00881226286020165,0.00583871211089215,0.0393122437473955
