"","Period","Ndays","Flux","Std.Err","SEP","L95","U95"
"1","WY 2018",365,0.00225172117501875,0.000753563341031559,0.000899064330565842,0.000984031697102693,0.00444404083608156
