"","Period","Ndays","Flux","Std.Err","SEP","L95","U95"
"1","WY 2018",365,4.6458729778574e-05,4.72654636183743e-06,4.86253778249791e-06,3.76575992538775e-05,5.66957412349811e-05
