"","Period","Ndays","Flux","Std.Err","SEP","L95","U95"
"1","WY 2018",365,0.0151477166035986,0.00794163014693074,0.00969050538864573,0.00404836324897057,0.0402183243861641
