"","Period","Ndays","Flux","Std.Err","SEP","L95","U95"
"1","WY 2018",365,0.0001148208407443,4.97890930319597e-05,6.01130825166396e-05,3.87681010438693e-05,0.000266910762662673
