"","Period","Ndays","Flux","Std.Err","SEP","L95","U95"
"1","WY 2018",365,0.00236113245718247,0.00071825099494725,0.000797994971964437,0.00117405913965003,0.00426165206950567
