"","Period","Ndays","Flux","Std.Err","SEP","L95","U95"
"1","WY 2018",365,0.00635279035857564,0.00362163642161643,0.00376614396765059,0.00186388191104969,0.0160217646973869
