"","Period","Ndays","Flux","Std.Err","SEP","L95","U95"
"1","WY 2018",365,4.34070673160795e-05,3.65847753789872e-06,3.77451507172063e-06,3.64792076293747e-05,5.12629952466609e-05
