"","Period","Ndays","Flux","Std.Err","SEP","L95","U95"
"1","WY 2018",365,0.000170309765227215,4.39124937713267e-05,5.17625839693969e-05,9.09985917699318e-05,0.000291791621002791
