"","Period","Ndays","Flux","Std.Err","SEP","L95","U95"
"1","WY 2018",365,16795.1333309969,9798.67330432749,12314.8428806255,3744.68028635011,48988.9076642091
