"","Period","Ndays","Flux","Std.Err","SEP","L95","U95"
"1","WY 2018",365,0.00148024230969596,0.000490464476092051,0.000509077135793763,0.000726865786032189,0.00269563989030169
