"","Period","Ndays","Flux","Std.Err","SEP","L95","U95"
"1","WY 2018",365,16550.4260929632,9611.20861069883,11492.9865475994,3975.19650567743,46488.5890493501
