"","Period","Ndays","Flux","Std.Err","SEP","L95","U95"
"1","WY 2018",365,5134.16960623303,2234.72584966506,2340.87276929209,1993.09651101379,10949.3383262622
