"","Period","Ndays","Flux","Std.Err","SEP","L95","U95"
"1","WY 2018",365,4709.42276799335,1170.72531252381,1252.2242937688,2726.78655226226,7596.53925058437
