"","Period","Ndays","Flux","Std.Err","SEP","L95","U95"
"1","WY 2018",365,4.35809900641375e-05,5.20762719030747e-06,5.38855120986971e-06,3.39745003881737e-05,5.50619851388407e-05
