"","Period","Ndays","Flux","Std.Err","SEP","L95","U95"
"1","WY 2018",365,4.64916977401463e-05,5.73656083866231e-06,5.92322921626475e-06,3.59638995023695e-05,5.91413538046348e-05
