"","Period","Ndays","Flux","Std.Err","SEP","L95","U95"
"1","WY 2018",365,0.00499376400769772,0.00201150694062184,0.00210337890055422,0.00208432532935919,0.0101616133921655
